<?xml version="1.0" encoding="UTF-8" ?>
<!DOCTYPE mapper PUBLIC "-//mybatis.org//DTD Mapper 3.0//EN" "http://mybatis.org/dtd/mybatis-3-mapper.dtd" >
<mapper namespace="com.example.mapper.ds1.PersonMapper" >
  <resultMap id="BaseResultMap" type="com.example.pojo.Person" >
    <!--
      WARNING - @mbggenerated
      This element is automatically generated by MyBatis Generator, do not modify.
    -->
    <id column="p_id" property="pId" jdbcType="INTEGER" />
    <result column="p_name" property="pName" jdbcType="VARCHAR" />
    <result column="p_age" property="pAge" jdbcType="INTEGER" />
  </resultMap>
  <sql id="Base_Column_List" >
    <!--
      WARNING - @mbggenerated
      This element is automatically generated by MyBatis Generator, do not modify.
    -->
    p_id, p_name, p_age
  </sql>
  <select id="selectByPrimaryKey" resultMap="BaseResultMap" parameterType="java.lang.Integer" >
    <!--
      WARNING - @mbggenerated
      This element is automatically generated by MyBatis Generator, do not modify.
    -->
    select 
    <include refid="Base_Column_List" />
    from person
    where p_id = #{pId,jdbcType=INTEGER}
  </select>
  <delete id="deleteByPrimaryKey" parameterType="java.lang.Integer" >
    <!--
      WARNING - @mbggenerated
      This element is automatically generated by MyBatis Generator, do not modify.
    -->
    delete from person
    where p_id = #{pId,jdbcType=INTEGER}
  </delete>
  <insert id="insert" parameterType="com.example.pojo.Person" >
    <!--
      WARNING - @mbggenerated
      This element is automatically generated by MyBatis Generator, do not modify.
    -->
    insert into person (p_id, p_name, p_age
      )
    values (#{pId,jdbcType=INTEGER}, #{pName,jdbcType=VARCHAR}, #{pAge,jdbcType=INTEGER}
      )
  </insert>
  <insert id="insertSelective" parameterType="com.example.pojo.Person" >
    <!--
      WARNING - @mbggenerated
      This element is automatically generated by MyBatis Generator, do not modify.
    -->
    insert into person
    <trim prefix="(" suffix=")" suffixOverrides="," >
      <if test="pId != null" >
        p_id,
      </if>
      <if test="pName != null" >
        p_name,
      </if>
      <if test="pAge != null" >
        p_age,
      </if>
    </trim>
    <trim prefix="values (" suffix=")" suffixOverrides="," >
      <if test="pId != null" >
        #{pId,jdbcType=INTEGER},
      </if>
      <if test="pName != null" >
        #{pName,jdbcType=VARCHAR},
      </if>
      <if test="pAge != null" >
        #{pAge,jdbcType=INTEGER},
      </if>
    </trim>
  </insert>
  <update id="updateByPrimaryKeySelective" parameterType="com.example.pojo.Person" >
    <!--
      WARNING - @mbggenerated
      This element is automatically generated by MyBatis Generator, do not modify.
    -->
    update person
    <set >
      <if test="pName != null" >
        p_name = #{pName,jdbcType=VARCHAR},
      </if>
      <if test="pAge != null" >
        p_age = #{pAge,jdbcType=INTEGER},
      </if>
    </set>
    where p_id = #{pId,jdbcType=INTEGER}
  </update>
  <update id="updateByPrimaryKey" parameterType="com.example.pojo.Person" >
    <!--
      WARNING - @mbggenerated
      This element is automatically generated by MyBatis Generator, do not modify.
    -->
    update person
    set p_name = #{pName,jdbcType=VARCHAR},
      p_age = #{pAge,jdbcType=INTEGER}
    where p_id = #{pId,jdbcType=INTEGER}
  </update>
</mapper>